Graph_Name,Num_Nodes,Num_Edges,Avg_Node_Degree,Has_Negative_Cycles,Graph_Circuitry_Avg,Intersection_Count,,Algorithm,Path_Found,Cost_Length,Path_Travel_Time,Path_Node_Count,Runtime_s,Memory_GB,Gap,Algorithm,Path_Found,Cost_Length,Path_Travel_Time,Path_Node_Count,Runtime_s,Memory_GB,Gap_%_vs_Dijkstra,Algorithm,Path_Found,Cost_Length,Path_Travel_Time,Path_Node_Count,Runtime_s,Memory_GB,Gap_%_vs_Dijkstra,Algorithm,Path_Found,Cost_Length,Path_Travel_Time,Path_Node_Count,Runtime_s,Memory_GB,Gap_%_vs_Dijkstra
Kansas,1000,2814,5.628,False,2.8168,784,,Dijkstra,Yes,536.9836,536.9836,14,0.002,2.871,0.00%,A*,Yes,536.9836,536.9836,14,0.001,2.871,0.00%,Bellman-Ford,Yes,536.9836,536.9836,14,0.252,2.871,0.00%,ACO,Yes,1549.4437,1549.4437,150,2.862,2.871,188.55%
Kansas,8439,23996,5.687,False,2.8438,6719,,Dijkstra,Yes,2553.9712,2553.9712,107,0.034,2.905,0.00%,A*,Yes,2667.1245,2667.1245,80,0.008,2.906,4.43%,Bellman-Ford,Yes,2553.9712,2553.9712,107,0.267,2.907,0.00%,ACO,Yes,29221.4470,29221.4470,2035,33.545,2.911,1044.16%
Kansas,15787,45302,5.739,False,2.8698,12633,,Dijkstra,Yes,3838.1582,3838.1582,177,0.271,2.990,0.00%,A*,Yes,4346.0695,4346.0695,97,0.009,2.990,13.23%,Bellman-Ford,Yes,3838.1582,3838.1582,177,0.787,2.990,0.00%,ACO,Yes,49018.2093,49018.2093,2030,78.400,2.981,1177.13%
Kansas,23278,66822,5.741,False,2.8707,18645,,Dijkstra,Yes,5945.4858,5945.4858,101,0.281,3.068,0.00%,A*,Yes,5945.4858,5945.4858,101,0.274,3.068,0.00%,Bellman-Ford,Yes,5945.4858,5945.4858,101,1.354,3.069,0.00%,ACO,Path Not Found: PATH NOT FOUND,,,,,,
Kansas,30728,87853,5.718,False,2.8591,24535,,Dijkstra,Yes,3469.0214,3469.0214,99,0.280,3.137,0.00%,A*,Yes,3469.0214,3469.0214,99,0.278,3.137,0.00%,Bellman-Ford,Yes,3469.0214,3469.0214,99,2.431,3.137,0.00%,ACO,Yes,48092.8611,48092.8611,1017,28.647,3.127,1286.35%
Kansas,38152,109258,5.728,False,2.8638,30485,,Dijkstra,Yes,7328.8077,7328.8077,167,0.311,3.207,0.00%,A*,Yes,7340.2972,7340.2972,223,0.343,3.207,0.16%,Bellman-Ford,Yes,7328.8077,7328.8077,167,3.182,3.208,0.00%,ACO,Path Not Found: PATH NOT FOUND,,,,,,
Kansas,45599,130605,5.728,False,2.8643,36408,,Dijkstra,Yes,4718.3154,4718.3154,152,0.281,3.278,0.00%,A*,Yes,5014.9189,5014.9189,128,0.350,3.278,6.29%,Bellman-Ford,Yes,4718.3154,4718.3154,152,5.057,3.278,0.00%,ACO,Path Not Found: PATH NOT FOUND,,,,,,
Kansas,53012,151459,5.714,False,2.8571,42153,,Dijkstra,Yes,2243.7984,2243.7984,91,0.276,3.350,0.00%,A*,Yes,2595.2885,2595.2885,156,0.342,3.350,15.66%,Bellman-Ford,Yes,2243.7984,2243.7984,91,3.765,3.350,0.00%,ACO,Path Not Found: PATH NOT FOUND,,,,,,
Kansas,60438,172394,5.705,False,2.8525,48001,,Dijkstra,Yes,1416.6562,1416.6562,57,0.286,3.417,0.00%,A*,Yes,1416.6562,1416.6562,57,0.336,3.417,0.00%,Bellman-Ford,Yes,1416.6562,1416.6562,57,7.581,3.402,0.00%,ACO,Yes,7494.5270,7494.5270,496,12.586,3.402,429.03%
Kansas,67816,193834,5.716,False,2.8583,53977,,Dijkstra,Yes,9145.9153,9145.9153,254,0.259,3.469,0.00%,A*,Yes,9214.0972,9214.0972,220,0.275,3.481,0.75%,Bellman-Ford,Yes,9145.9153,9145.9153,254,11.195,3.470,0.00%,ACO,Path Not Found: PATH NOT FOUND,,,,,,
Kansas,75156,215044,5.723,False,2.8613,59881,,Dijkstra,Yes,8685.1971,8685.1971,207,0.551,3.551,0.00%,A*,Yes,9178.6574,9178.6574,237,0.341,3.551,5.68%,Bellman-Ford,Yes,8685.1971,8685.1971,207,12.865,3.535,0.00%,ACO,Path Not Found: PATH NOT FOUND,,,,,,
Kansas,82695,236844,5.728,False,2.8641,65901,,Dijkstra,Yes,14258.2287,14258.2287,403,0.538,3.622,0.00%,A*,Yes,14757.3285,14757.3285,373,0.324,3.622,3.50%,Bellman-Ford,Yes,14258.2287,14258.2287,403,14.586,3.608,0.00%,ACO,Path Not Found: PATH NOT FOUND,,,,,,
Kansas,90069,257858,5.726,False,2.8629,71705,,Dijkstra,Yes,12321.3730,12321.3730,325,0.551,3.698,0.00%,A*,Yes,13975.1020,13975.1020,326,0.343,3.698,13.42%,Bellman-Ford,Yes,12321.3730,12321.3730,325,19.909,3.682,0.00%,ACO,Path Not Found: PATH NOT FOUND,,,,,,
Kansas,97532,279043,5.722,False,2.8611,77554,,Dijkstra,Yes,4793.8140,4793.8140,144,0.280,3.773,0.00%,A*,Yes,5081.0552,5081.0552,162,0.340,3.773,5.99%,Bellman-Ford,Yes,4793.8140,4793.8140,144,18.666,3.774,0.00%,ACO,Yes,85462.9672,85462.9672,2343,56.744,3.759,1682.78%
Kansas,104977,300309,5.721,False,2.8607,83490,,Dijkstra,Yes,12426.0933,12426.0933,316,0.540,3.838,0.00%,A*,Yes,13309.1085,13309.1085,237,0.292,3.842,7.11%,Bellman-Ford,Yes,12426.0933,12426.0933,316,16.701,3.823,0.00%,ACO,Path Not Found: GRAPH SIZE TOO LARGE,,,,,,
Kansas,112411,321707,5.724,False,2.8619,89470,,Dijkstra,Yes,3207.9774,3207.9774,87,0.286,3.909,0.00%,A*,Yes,3207.9774,3207.9774,87,0.342,3.909,0.00%,Bellman-Ford,Yes,3207.9774,3207.9774,87,19.503,3.909,0.00%,ACO,Path Not Found: GRAPH SIZE TOO LARGE,,,,,,
Kansas,119832,343152,5.727,False,2.8636,95433,,Dijkstra,Yes,16806.1445,16806.1445,404,0.797,4.537,0.00%,A*,Yes,17930.0703,17930.0703,378,0.358,4.536,6.69%,Bellman-Ford,Yes,16806.1445,16806.1445,404,24.698,4.521,0.00%,ACO,Path Not Found: GRAPH SIZE TOO LARGE,,,,,,
Kansas,127281,364708,5.731,False,2.8654,101446,,Dijkstra,Yes,12970.5322,12970.5322,302,0.524,4.033,0.00%,A*,Yes,13011.3879,13011.3879,301,0.273,4.041,0.31%,Bellman-Ford,Yes,12970.5322,12970.5322,302,33.553,4.023,0.00%,ACO,Path Not Found: GRAPH SIZE TOO LARGE,,,,,,
Kansas,134712,386261,5.735,False,2.8673,107444,,Dijkstra,Yes,3677.5803,3677.5803,128,0.268,4.109,0.00%,A*,Yes,4178.9239,4178.9239,113,0.339,4.109,13.63%,Bellman-Ford,Yes,3677.5803,3677.5803,128,39.848,4.088,0.00%,ACO,Path Not Found: GRAPH SIZE TOO LARGE,,,,,,
Kansas,142139,407853,5.739,False,2.8694,113540,,Dijkstra,Yes,16436.3650,16436.3650,494,0.802,4.175,0.00%,A*,Yes,17692.1234,17692.1234,544,0.355,4.175,7.64%,Bellman-Ford,Yes,16436.3650,16436.3650,494,41.349,4.153,0.00%,ACO,Path Not Found: GRAPH SIZE TOO LARGE,,,,,,
Kansas,149572,429366,5.741,False,2.8707,119564,,Dijkstra,Yes,8571.7238,8571.7238,202,0.556,4.244,0.00%,A*,Yes,9583.5685,9583.5685,225,0.341,4.244,11.80%,Bellman-Ford,Yes,8571.7238,8571.7238,202,45.555,4.226,0.00%,ACO,Path Not Found: GRAPH SIZE TOO LARGE,,,,,,
Kansas,156931,450587,5.742,False,2.8713,125423,,Dijkstra,Yes,18280.4266,18280.4266,556,1.053,4.315,0.00%,A*,Yes,19481.4553,19481.4553,508,0.340,4.315,6.57%,Bellman-Ford,Yes,18280.4266,18280.4266,556,37.618,4.294,0.00%,ACO,Path Not Found: GRAPH SIZE TOO LARGE,,,,,,
Kansas,164309,471795,5.743,False,2.8714,131326,,Dijkstra,Yes,19890.8670,19890.8670,483,1.065,4.387,0.00%,A*,Yes,20282.0589,20282.0589,564,0.339,4.387,1.97%,Bellman-Ford,Yes,19890.8670,19890.8670,483,45.931,4.367,0.00%,ACO,Path Not Found: GRAPH SIZE TOO LARGE,,,,,,
Kansas,171791,492685,5.736,False,2.8679,137176,,Dijkstra,Yes,9644.0246,9644.0246,229,0.543,4.453,0.00%,A*,Yes,9644.0246,9644.0246,229,0.342,4.453,0.00%,Bellman-Ford,Yes,9644.0246,9644.0246,229,44.947,4.434,0.00%,ACO,Path Not Found: GRAPH SIZE TOO LARGE,,,,,,
Kansas,179108,514226,5.742,False,2.8711,143139,,Dijkstra,Yes,16200.1506,16200.1506,396,1.063,4.531,0.00%,A*,Yes,17769.1473,17769.1473,440,0.270,4.534,9.69%,Bellman-Ford,Yes,16200.1506,16200.1506,396,47.083,4.511,0.00%,ACO,Path Not Found: GRAPH SIZE TOO LARGE,,,,,,
Kansas,186534,535350,5.740,False,2.8700,148956,,Dijkstra,Yes,11161.6092,11161.6092,231,0.532,4.621,0.00%,A*,Yes,11774.7935,11774.7935,209,0.285,4.621,5.49%,Bellman-Ford,Yes,11161.6092,11161.6092,231,56.582,4.597,0.00%,ACO,Path Not Found: GRAPH SIZE TOO LARGE,,,,,,
Kansas,193940,556057,5.734,False,2.8672,154728,,Dijkstra,Yes,11006.7120,11006.7120,367,0.533,4.675,0.00%,A*,Yes,11939.1801,11939.1801,325,0.291,4.686,8.47%,Bellman-Ford,Yes,11006.7120,11006.7120,367,59.171,4.660,0.00%,ACO,Path Not Found: GRAPH SIZE TOO LARGE,,,,,,
Kansas,201211,576160,5.727,False,2.8635,160336,,Dijkstra,Yes,7649.1894,7649.1894,234,0.543,4.751,0.00%,A*,Yes,7649.1894,7649.1894,234,0.324,4.751,0.00%,Bellman-Ford,Yes,7649.1894,7649.1894,234,48.955,4.725,0.00%,ACO,Path Not Found: GRAPH SIZE TOO LARGE,,,,,,
Kansas,208536,596633,5.722,False,2.8611,166090,,Dijkstra,Yes,21487.8152,21487.8152,569,1.054,4.804,0.00%,A*,Yes,23041.6131,23041.6131,645,0.280,4.815,7.23%,Bellman-Ford,Yes,21487.8152,21487.8152,569,67.605,4.790,0.00%,ACO,Path Not Found: GRAPH SIZE TOO LARGE,,,,,,
Kansas,215684,617072,5.722,False,2.8610,171791,,Dijkstra,Yes,5827.0517,5827.0517,137,0.270,4.871,0.00%,A*,Yes,6342.8062,6342.8062,141,0.282,4.879,8.85%,Bellman-Ford,Yes,5827.0517,5827.0517,137,50.940,4.854,0.00%,ACO,Path Not Found: GRAPH SIZE TOO LARGE,,,,,,
Kansas,223037,637786,5.719,False,2.8596,177609,,Dijkstra,Yes,8316.4330,8316.4330,205,0.546,4.944,0.00%,A*,Yes,8316.4330,8316.4330,205,0.347,4.944,0.00%,Bellman-Ford,Yes,8316.4330,8316.4330,205,67.550,4.919,0.00%,ACO,Path Not Found: GRAPH SIZE TOO LARGE,,,,,,
Kansas,230243,658277,5.718,False,2.8591,183292,,Dijkstra,Yes,5707.0634,5707.0634,152,0.282,5.007,0.00%,A*,Yes,5982.2696,5982.2696,139,0.284,5.010,4.82%,Bellman-Ford,Yes,5707.0634,5707.0634,152,61.586,4.984,0.00%,ACO,Path Not Found: GRAPH SIZE TOO LARGE,,,,,,
Kansas,237244,678012,5.716,False,2.8579,188725,,Dijkstra,Yes,21327.2125,21327.2125,451,1.058,5.074,0.00%,A*,Yes,21961.6007,21961.6007,570,0.361,5.074,2.97%,Bellman-Ford,Yes,21327.2125,21327.2125,451,68.801,5.046,0.00%,ACO,Path Not Found: GRAPH SIZE TOO LARGE,,,,,,
Kansas,244927,699492,5.712,False,2.8559,194706,,Dijkstra,Yes,1539.8524,1539.8524,24,0.287,5.138,0.00%,A*,Yes,1539.8524,1539.8524,24,0.345,5.138,0.00%,Bellman-Ford,Yes,1539.8524,1539.8524,24,78.471,5.111,0.00%,ACO,Path Not Found: GRAPH SIZE TOO LARGE,,,,,,
Kansas,252431,720151,5.706,False,2.8529,200507,,Dijkstra,Yes,8008.3533,8008.3533,166,0.545,5.204,0.00%,A*,Yes,8571.7058,8571.7058,187,0.344,5.205,7.03%,Bellman-Ford,Yes,8008.3533,8008.3533,166,75.973,5.178,0.00%,ACO,Path Not Found: GRAPH SIZE TOO LARGE,,,,,,
Kansas,260112,741688,5.703,False,2.8514,206628,,Dijkstra,Yes,19376.1739,19376.1739,483,1.024,5.268,0.00%,A*,Yes,21792.5748,21792.5748,494,0.277,5.271,12.47%,Bellman-Ford,Yes,19376.1739,19376.1739,483,85.262,5.244,0.00%,ACO,Path Not Found: GRAPH SIZE TOO LARGE,,,,,,
Kansas,267506,762217,5.699,False,2.8494,212455,,Dijkstra,Yes,11578.3220,11578.3220,346,0.800,5.340,0.00%,A*,Yes,12606.6860,12606.6860,285,0.346,5.340,8.88%,Bellman-Ford,Yes,11578.3220,11578.3220,346,92.065,5.311,0.00%,ACO,Path Not Found: GRAPH SIZE TOO LARGE,,,,,,
Kansas,275153,783606,5.696,False,2.8479,218457,,Dijkstra,Yes,20280.9846,20280.9846,490,1.300,5.405,0.00%,A*,Yes,23207.0330,23207.0330,470,0.342,5.405,14.43%,Bellman-Ford,Yes,20280.9846,20280.9846,490,90.760,5.375,0.00%,ACO,Path Not Found: GRAPH SIZE TOO LARGE,,,,,,
Kansas,282507,803792,5.690,False,2.8452,224229,,Dijkstra,Yes,3670.9175,3670.9175,30,0.287,5.471,0.00%,A*,Yes,3670.9175,3670.9175,30,0.363,5.471,0.00%,Bellman-Ford,Yes,3670.9175,3670.9175,30,108.436,5.441,0.00%,ACO,Path Not Found: GRAPH SIZE TOO LARGE,,,,,,
Kansas,289829,823637,5.684,False,2.8418,229878,,Dijkstra,Yes,12442.9623,12442.9623,278,0.537,5.535,0.00%,A*,Yes,12459.6790,12459.6790,278,0.612,5.535,0.13%,Bellman-Ford,Yes,12442.9623,12442.9623,278,116.141,5.505,0.00%,ACO,Path Not Found: GRAPH SIZE TOO LARGE,,,,,,
Kansas,297327,844145,5.678,False,2.8391,235692,,Dijkstra,Yes,14242.1976,14242.1976,294,1.031,6.108,0.00%,A*,Yes,15258.5907,15258.5907,320,0.360,6.108,7.14%,Bellman-Ford,Yes,14242.1976,14242.1976,294,93.929,6.080,0.00%,ACO,Path Not Found: GRAPH SIZE TOO LARGE,,,,,,
Kansas,304827,864672,5.673,False,2.8366,241501,,Dijkstra,Yes,20220.9388,20220.9388,449,1.033,5.662,0.00%,A*,Yes,21531.4647,21531.4647,426,0.596,5.662,6.48%,Bellman-Ford,Yes,20220.9388,20220.9388,449,114.835,5.633,0.00%,ACO,Path Not Found: GRAPH SIZE TOO LARGE,,,,,,
Kansas,312250,885197,5.670,False,2.8349,247320,,Dijkstra,Yes,22858.3013,22858.3013,540,1.308,5.716,0.00%,A*,Yes,27162.0419,27162.0419,554,0.262,5.720,18.83%,Bellman-Ford,Yes,22858.3013,22858.3013,540,142.350,5.699,0.00%,ACO,Path Not Found: GRAPH SIZE TOO LARGE,,,,,,
Kansas,319645,905608,5.666,False,2.8332,253165,,Dijkstra,Yes,10797.0887,10797.0887,352,0.771,5.801,0.00%,A*,Yes,11757.6539,11757.6539,269,0.324,5.810,8.90%,Bellman-Ford,Yes,10797.0887,10797.0887,352,105.605,5.778,0.00%,ACO,Path Not Found: GRAPH SIZE TOO LARGE,,,,,,
Kansas,326996,926070,5.664,False,2.8321,258968,,Dijkstra,Yes,8146.6595,8146.6595,282,0.539,5.873,0.00%,A*,Yes,8438.8689,8438.8689,299,0.609,5.873,3.59%,Bellman-Ford,Yes,8146.6595,8146.6595,282,93.430,5.842,0.00%,ACO,Path Not Found: GRAPH SIZE TOO LARGE,,,,,,
Kansas,334303,946425,5.662,False,2.8310,264759,,Dijkstra,Yes,11022.0078,11022.0078,255,0.574,5.938,0.00%,A*,Yes,12096.2005,12096.2005,272,0.598,5.938,9.75%,Bellman-Ford,Yes,11022.0078,11022.0078,255,136.376,5.907,0.00%,ACO,Path Not Found: GRAPH SIZE TOO LARGE,,,,,,
Kansas,341648,966538,5.658,False,2.8291,270504,,Dijkstra,Yes,28320.8113,28320.8113,845,1.776,5.993,0.00%,A*,Yes,30112.1922,30112.1922,931,0.275,6.001,6.33%,Bellman-Ford,Yes,28320.8113,28320.8113,845,122.079,5.971,0.00%,ACO,Path Not Found: GRAPH SIZE TOO LARGE,,,,,,
Kansas,349056,986843,5.654,False,2.8272,276272,,Dijkstra,Yes,15970.7293,15970.7293,519,1.054,6.068,0.00%,A*,Yes,18582.3393,18582.3393,366,0.598,6.068,16.35%,Bellman-Ford,Yes,15970.7293,15970.7293,519,124.702,6.034,0.00%,ACO,Path Not Found: GRAPH SIZE TOO LARGE,,,,,,
Kansas,356507,1006980,5.649,False,2.8246,281985,,Dijkstra,Yes,14495.5330,14495.5330,316,1.054,6.161,0.00%,A*,Yes,15837.2106,15837.2106,319,0.645,6.161,9.26%,Bellman-Ford,Yes,14495.5330,14495.5330,316,109.429,6.130,0.00%,ACO,Path Not Found: GRAPH SIZE TOO LARGE,,,,,,
Kansas,363941,1027015,5.644,False,2.8219,287683,,Dijkstra,Yes,26139.8445,26139.8445,666,1.532,6.261,0.00%,A*,Yes,27796.1033,27796.1033,576,0.281,6.264,6.34%,Bellman-Ford,Yes,26139.8445,26139.8445,666,127.124,6.220,0.00%,ACO,Path Not Found: GRAPH SIZE TOO LARGE,,,,,,
Kansas,371388,1047094,5.639,False,2.8194,293456,,Dijkstra,Yes,33711.6247,33711.6247,761,2.065,6.329,0.00%,A*,Yes,38253.0665,38253.0665,766,0.627,6.329,13.47%,Bellman-Ford,Yes,33711.6247,33711.6247,761,139.176,6.288,0.00%,ACO,Path Not Found: GRAPH SIZE TOO LARGE,,,,,,
Kansas,378744,1067285,5.636,False,2.8180,299127,,Dijkstra,Yes,13691.7393,13691.7393,309,0.792,6.393,0.00%,A*,Yes,15269.8744,15269.8744,265,0.599,6.393,11.53%,Bellman-Ford,Yes,13691.7393,13691.7393,309,169.795,6.352,0.00%,ACO,Path Not Found: GRAPH SIZE TOO LARGE,,,,,,
Kansas,386051,1087004,5.631,False,2.8157,304677,,Dijkstra,Yes,19498.9416,19498.9416,481,1.530,6.457,0.00%,A*,Yes,20188.3654,20188.3654,480,0.641,6.457,3.54%,Bellman-Ford,Yes,19498.9416,19498.9416,481,159.448,6.415,0.00%,ACO,Path Not Found: GRAPH SIZE TOO LARGE,,,,,,
Kansas,393415,1106768,5.626,False,2.8132,310240,,Dijkstra,Yes,27730.6126,27730.6126,613,2.593,6.520,0.00%,A*,Yes,30331.0700,30331.0700,591,0.855,6.520,9.38%,Bellman-Ford,Yes,27730.6126,27730.6126,613,212.640,6.478,0.00%,ACO,Path Not Found: GRAPH SIZE TOO LARGE,,,,,,
Kansas,400780,1126455,5.621,False,2.8107,315818,,Dijkstra,Yes,14890.6009,14890.6009,433,1.917,6.584,0.00%,A*,Yes,15779.6207,15779.6207,387,0.641,6.584,5.97%,Bellman-Ford,Yes,14890.6009,14890.6009,433,139.964,6.535,0.00%,ACO,Path Not Found: GRAPH SIZE TOO LARGE,,,,,,
Kansas,408347,1146676,5.616,False,2.8081,321550,,Dijkstra,Yes,12942.7724,12942.7724,391,1.340,6.647,0.00%,A*,Yes,13750.6576,13750.6576,373,0.936,6.647,6.24%,Bellman-Ford,Yes,12942.7724,12942.7724,391,186.307,6.602,0.00%,ACO,Path Not Found: GRAPH SIZE TOO LARGE,,,,,,
Kansas,415788,1166702,5.612,False,2.8060,327261,,Dijkstra,Yes,18028.5655,18028.5655,512,1.331,6.707,0.00%,A*,Yes,19875.0345,19875.0345,538,0.630,6.707,10.24%,Bellman-Ford,Yes,18028.5655,18028.5655,512,185.307,6.655,0.00%,ACO,Path Not Found: GRAPH SIZE TOO LARGE,,,,,,
Kansas,423040,1186407,5.609,False,2.8045,332831,,Dijkstra,Yes,6664.6441,6664.6441,97,0.537,6.772,0.00%,A*,Yes,6688.7152,6688.7152,95,0.595,6.772,0.36%,Bellman-Ford,Yes,6664.6441,6664.6441,97,174.119,6.676,0.00%,ACO,Path Not Found: GRAPH SIZE TOO LARGE,,,,,,
Kansas,430265,1205829,5.605,False,2.8025,338292,,Dijkstra,Yes,14494.8215,14494.8215,404,1.043,6.771,0.00%,A*,Yes,14503.9292,14503.9292,403,0.261,6.780,0.06%,Bellman-Ford,Yes,14494.8215,14494.8215,404,184.483,6.738,0.00%,ACO,Path Not Found: GRAPH SIZE TOO LARGE,,,,,,
Kansas,437667,1225651,5.601,False,2.8004,343901,,Dijkstra,Yes,17286.5417,17286.5417,504,1.294,6.846,0.00%,A*,Yes,18936.9950,18936.9950,490,0.595,6.846,9.55%,Bellman-Ford,Yes,17286.5417,17286.5417,504,244.447,6.797,0.00%,ACO,Path Not Found: GRAPH SIZE TOO LARGE,,,,,,
Kansas,444995,1245407,5.597,False,2.7987,349492,,Dijkstra,Yes,26437.5414,26437.5414,720,2.057,6.910,0.00%,A*,Yes,29832.4840,29832.4840,797,0.641,6.910,12.84%,Bellman-Ford,Yes,26437.5414,26437.5414,720,248.819,6.860,0.00%,ACO,Path Not Found: GRAPH SIZE TOO LARGE,,,,,,
Kansas,452215,1265095,5.595,False,2.7976,355100,,Dijkstra,Yes,18466.9258,18466.9258,553,1.803,6.975,0.00%,A*,Yes,19212.3523,19212.3523,507,1.133,6.975,4.04%,Bellman-Ford,Yes,18466.9258,18466.9258,553,214.273,6.931,0.00%,ACO,Path Not Found: GRAPH SIZE TOO LARGE,,,,,,
Kansas,459399,1284345,5.591,False,2.7957,360490,,Dijkstra,Yes,4931.1641,4931.1641,128,0.264,7.029,0.00%,A*,Yes,4931.1641,4931.1641,128,0.314,7.037,0.00%,Bellman-Ford,Yes,4931.1641,4931.1641,128,205.945,6.990,0.00%,ACO,Path Not Found: GRAPH SIZE TOO LARGE,,,,,,
Kansas,466650,1303714,5.588,False,2.7938,366014,,Dijkstra,Yes,17902.2791,17902.2791,294,0.786,7.099,0.00%,A*,Yes,17902.2791,17902.2791,294,0.596,7.099,0.00%,Bellman-Ford,Yes,17902.2791,17902.2791,294,213.683,7.049,0.00%,ACO,Path Not Found: GRAPH SIZE TOO LARGE,,,,,,
Kansas,473971,1323387,5.584,False,2.7921,371533,,Dijkstra,Yes,32580.4183,32580.4183,864,2.615,7.158,0.00%,A*,Yes,34105.2655,34105.2655,836,0.629,7.158,4.68%,Bellman-Ford,Yes,32580.4183,32580.4183,864,219.932,7.109,0.00%,ACO,Path Not Found: GRAPH SIZE TOO LARGE,,,,,,
Kansas,481170,1342854,5.582,False,2.7908,377035,,Dijkstra,Yes,33983.4655,33983.4655,758,3.432,7.226,0.00%,A*,Yes,35881.5602,35881.5602,812,0.918,7.226,5.59%,Bellman-Ford,Yes,33983.4655,33983.4655,758,270.202,7.178,0.00%,ACO,Path Not Found: GRAPH SIZE TOO LARGE,,,,,,
Kansas,489322,1364500,5.577,False,2.7886,383257,,Dijkstra,Yes,11556.4205,11556.4205,377,1.356,7.288,0.00%,A*,Yes,11930.7032,11930.7032,319,0.656,7.288,3.24%,Bellman-Ford,Yes,11556.4205,11556.4205,377,213.443,7.240,0.00%,ACO,Path Not Found: GRAPH SIZE TOO LARGE,,,,,,
Kansas,496989,1384798,5.573,False,2.7864,389007,,Dijkstra,Yes,22923.2496,22923.2496,537,3.218,7.354,0.00%,A*,Yes,24486.3237,24486.3237,503,0.939,7.354,6.82%,Bellman-Ford,Yes,22923.2496,22923.2496,537,235.149,7.304,0.00%,ACO,Path Not Found: GRAPH SIZE TOO LARGE,,,,,,
Kansas,504335,1404685,5.570,False,2.7852,394631,,Dijkstra,Yes,24498.5141,24498.5141,694,3.492,7.420,0.00%,A*,Yes,25579.0139,25579.0139,703,1.140,7.420,4.41%,Bellman-Ford,Yes,24498.5141,24498.5141,694,269.862,7.370,0.00%,ACO,Path Not Found: GRAPH SIZE TOO LARGE,,,,,,
Kansas,511705,1424682,5.568,False,2.7842,400236,,Dijkstra,Yes,19803.7399,19803.7399,677,3.452,7.483,0.00%,A*,Yes,20902.1304,20902.1304,616,0.906,7.483,5.55%,Bellman-Ford,Yes,19803.7399,19803.7399,677,328.890,7.432,0.00%,ACO,Path Not Found: GRAPH SIZE TOO LARGE,,,,,,
Kansas,519072,1444228,5.565,False,2.7823,405733,,Dijkstra,Yes,19426.0531,19426.0531,504,2.723,7.547,0.00%,A*,Yes,20375.8034,20375.8034,541,1.171,7.547,4.89%,Bellman-Ford,Yes,19426.0531,19426.0531,504,268.901,7.497,0.00%,ACO,Path Not Found: GRAPH SIZE TOO LARGE,,,,,,
Kansas,526403,1463980,5.562,False,2.7811,411352,,Dijkstra,Yes,15915.2790,15915.2790,570,2.370,7.610,0.00%,A*,Yes,15991.0432,15991.0432,467,0.951,7.610,0.48%,Bellman-Ford,Yes,15915.2790,15915.2790,570,316.231,7.564,0.00%,ACO,Path Not Found: GRAPH SIZE TOO LARGE,,,,,,
Kansas,533701,1483601,5.560,False,2.7798,416857,,Dijkstra,Yes,28827.1284,28827.1284,850,3.111,7.669,0.00%,A*,Yes,31513.2786,31513.2786,766,2.061,7.669,9.32%,Bellman-Ford,Yes,28827.1284,28827.1284,850,435.524,7.622,0.00%,ACO,Path Not Found: GRAPH SIZE TOO LARGE,,,,,,
Kansas,541030,1503053,5.556,False,2.7781,422355,,Dijkstra,Yes,19632.4330,19632.4330,414,3.084,7.733,0.00%,A*,Yes,19665.8159,19665.8159,416,0.925,7.733,0.17%,Bellman-Ford,Yes,19632.4330,19632.4330,414,281.328,7.682,0.00%,ACO,Path Not Found: GRAPH SIZE TOO LARGE,,,,,,
Kansas,548322,1522200,5.552,False,2.7761,427813,,Dijkstra,Yes,21986.6980,21986.6980,552,2.191,7.795,0.00%,A*,Yes,23769.3110,23769.3110,530,1.186,7.795,8.11%,Bellman-Ford,Yes,21986.6980,21986.6980,552,471.543,7.742,0.00%,ACO,Path Not Found: GRAPH SIZE TOO LARGE,,,,,,
Kansas,555583,1541475,5.549,False,2.7745,433322,,Dijkstra,Yes,34801.5131,34801.5131,854,3.113,7.857,0.00%,A*,Yes,36607.0277,36607.0277,891,0.610,7.857,5.19%,Bellman-Ford,Yes,34801.5131,34801.5131,854,302.233,7.806,0.00%,ACO,Path Not Found: GRAPH SIZE TOO LARGE,,,,,,
Kansas,562827,1560741,5.546,False,2.7730,438748,,Dijkstra,Yes,9173.5062,9173.5062,217,0.829,7.922,0.00%,A*,Yes,9590.9180,9590.9180,272,0.595,7.922,4.55%,Bellman-Ford,Yes,9173.5062,9173.5062,217,222.466,7.869,0.00%,ACO,Path Not Found: GRAPH SIZE TOO LARGE,,,,,,
Kansas,570026,1579905,5.543,False,2.7716,444247,,Dijkstra,Yes,33234.3809,33234.3809,837,5.683,7.988,0.00%,A*,Yes,36183.8016,36183.8016,816,0.834,7.988,8.87%,Bellman-Ford,Yes,33234.3809,33234.3809,837,324.241,7.935,0.00%,ACO,Path Not Found: GRAPH SIZE TOO LARGE,,,,,,
Kansas,578344,1601537,5.538,False,2.7692,450412,,Dijkstra,Yes,17881.0200,17881.0200,472,1.906,8.051,0.00%,A*,Yes,21436.0575,21436.0575,435,0.878,8.051,19.88%,Bellman-Ford,Yes,17881.0200,17881.0200,472,272.042,7.996,0.00%,ACO,Path Not Found: GRAPH SIZE TOO LARGE,,,,,,
Kansas,585856,1621622,5.536,False,2.7680,456185,,Dijkstra,Yes,18914.8355,18914.8355,538,3.878,8.118,0.00%,A*,Yes,20598.7345,20598.7345,504,0.622,8.118,8.90%,Bellman-Ford,Yes,18914.8355,18914.8355,538,319.941,8.061,0.00%,ACO,Path Not Found: GRAPH SIZE TOO LARGE,,,,,,
Kansas,593412,1641865,5.534,False,2.7668,461943,,Dijkstra,Yes,25028.5699,25028.5699,644,4.794,8.185,0.00%,A*,Yes,26950.8787,26950.8787,848,0.625,8.185,7.68%,Bellman-Ford,Yes,25028.5699,25028.5699,644,291.000,8.136,0.00%,ACO,Path Not Found: GRAPH SIZE TOO LARGE,,,,,,
Kansas,600805,1661453,5.531,False,2.7654,467467,,Dijkstra,Yes,32562.8252,32562.8252,821,8.753,8.252,0.00%,A*,Yes,33053.3052,33053.3052,941,0.564,8.252,1.51%,Bellman-Ford,Yes,32562.8252,32562.8252,821,308.193,8.203,0.00%,ACO,Path Not Found: GRAPH SIZE TOO LARGE,,,,,,
Kansas,608144,1680923,5.528,False,2.7640,472954,,Dijkstra,Yes,36873.9562,36873.9562,1009,8.610,8.315,0.00%,A*,Yes,40720.4278,40720.4278,1009,1.675,8.315,10.43%,Bellman-Ford,Yes,36873.9562,36873.9562,1009,367.024,8.258,0.00%,ACO,Path Not Found: GRAPH SIZE TOO LARGE,,,,,,
Kansas,615475,1700390,5.525,False,2.7627,478509,,Dijkstra,Yes,29449.9173,29449.9173,927,6.338,8.378,0.00%,A*,Yes,30769.4026,30769.4026,893,0.876,8.378,4.48%,Bellman-Ford,Yes,29449.9173,29449.9173,927,385.861,8.328,0.00%,ACO,Path Not Found: GRAPH SIZE TOO LARGE,,,,,,
Kansas,622831,1720102,5.523,False,2.7618,484047,,Dijkstra,Yes,27140.7792,27140.7792,724,8.163,8.443,0.00%,A*,Yes,28476.5439,28476.5439,701,1.420,8.443,4.92%,Bellman-Ford,Yes,27140.7792,27140.7792,724,292.021,8.392,0.00%,ACO,Path Not Found: GRAPH SIZE TOO LARGE,,,,,,
Kansas,630094,1739765,5.522,False,2.7611,489590,,Dijkstra,Yes,37685.9979,37685.9979,1085,9.040,8.520,0.00%,A*,Yes,42478.0320,42478.0320,972,1.744,8.520,12.72%,Bellman-Ford,Yes,37685.9979,37685.9979,1085,390.943,8.468,0.00%,ACO,Path Not Found: GRAPH SIZE TOO LARGE,,,,,,
Kansas,637641,1759762,5.520,False,2.7598,495233,,Dijkstra,Yes,24360.8400,24360.8400,872,5.817,8.585,0.00%,A*,Yes,26841.2194,26841.2194,849,2.429,8.585,10.18%,Bellman-Ford,Yes,24360.8400,24360.8400,872,340.102,8.535,0.00%,ACO,Path Not Found: GRAPH SIZE TOO LARGE,,,,,,
Kansas,644940,1779159,5.517,False,2.7586,500793,,Dijkstra,Yes,22107.9133,22107.9133,688,6.848,8.649,0.00%,A*,Yes,22768.1528,22768.1528,634,0.860,8.649,2.99%,Bellman-Ford,Yes,22107.9133,22107.9133,688,305.585,8.591,0.00%,ACO,Path Not Found: GRAPH SIZE TOO LARGE,,,,,,
Kansas,652426,1799054,5.515,False,2.7575,506421,,Dijkstra,Yes,28340.0003,28340.0003,706,7.836,8.711,0.00%,A*,Yes,31330.3595,31330.3595,769,0.595,8.711,10.55%,Bellman-Ford,Yes,28340.0003,28340.0003,706,325.293,8.660,0.00%,ACO,Path Not Found: GRAPH SIZE TOO LARGE,,,,,,
Kansas,659815,1818513,5.512,False,2.7561,511937,,Dijkstra,Yes,31909.5855,31909.5855,951,9.114,8.777,0.00%,A*,Yes,33270.7469,33270.7469,873,1.383,8.777,4.27%,Bellman-Ford,Yes,31909.5855,31909.5855,951,374.665,8.726,0.00%,ACO,Path Not Found: GRAPH SIZE TOO LARGE,,,,,,
Kansas,667220,1838193,5.510,False,2.7550,517493,,Dijkstra,Yes,40643.4863,40643.4863,1154,8.355,8.834,0.00%,A*,Yes,44044.2313,44044.2313,868,0.873,8.834,8.37%,Bellman-Ford,Yes,40643.4863,40643.4863,1154,403.146,8.778,0.00%,ACO,Path Not Found: GRAPH SIZE TOO LARGE,,,,,,
Kansas,674568,1857820,5.508,False,2.7541,523050,,Dijkstra,Yes,32795.5595,32795.5595,840,8.115,8.899,0.00%,A*,Yes,35563.2646,35563.2646,873,0.908,8.899,8.44%,Bellman-Ford,Yes,32795.5595,32795.5595,840,417.076,8.836,0.00%,ACO,Path Not Found: GRAPH SIZE TOO LARGE,,,,,,
Kansas,681928,1877529,5.507,False,2.7533,528588,,Dijkstra,Yes,29617.0083,29617.0083,900,4.008,8.964,0.00%,A*,Yes,29958.4356,29958.4356,920,1.656,8.964,1.15%,Bellman-Ford,Yes,29617.0083,29617.0083,900,415.087,8.906,0.00%,ACO,Path Not Found: GRAPH SIZE TOO LARGE,,,,,,
Kansas,689252,1897147,5.505,False,2.7525,534054,,Dijkstra,Yes,21518.4814,21518.4814,707,4.326,9.032,0.00%,A*,Yes,24141.6675,24141.6675,512,0.876,9.032,12.19%,Bellman-Ford,Yes,21518.4814,21518.4814,707,420.002,8.971,0.00%,ACO,Path Not Found: GRAPH SIZE TOO LARGE,,,,,,
Kansas,696605,1916611,5.503,False,2.7514,539471,,Dijkstra,Yes,33848.6756,33848.6756,986,6.732,9.095,0.00%,A*,Yes,37237.8540,37237.8540,944,1.418,9.095,10.01%,Bellman-Ford,Yes,33848.6756,33848.6756,986,361.851,9.032,0.00%,ACO,Path Not Found: GRAPH SIZE TOO LARGE,,,,,,
Kansas,703942,1935943,5.500,False,2.7501,544888,,Dijkstra,Yes,38589.2833,38589.2833,980,8.015,9.218,0.00%,A*,Yes,42723.1210,42723.1210,1198,1.188,9.218,10.71%,Bellman-Ford,Yes,38589.2833,38589.2833,980,364.741,9.160,0.00%,ACO,Path Not Found: GRAPH SIZE TOO LARGE,,,,,,
Kansas,711235,1955434,5.499,False,2.7494,550303,,Dijkstra,Yes,34779.9741,34779.9741,941,5.310,9.347,0.00%,A*,Yes,39712.7144,39712.7144,1074,1.113,9.347,14.18%,Bellman-Ford,Yes,34779.9741,34779.9741,941,393.663,9.269,0.00%,ACO,Path Not Found: GRAPH SIZE TOO LARGE,,,,,,
Kansas,718497,1974709,5.497,False,2.7484,555657,,Dijkstra,Yes,30346.7077,30346.7077,750,9.576,9.412,0.00%,A*,Yes,37006.3085,37006.3085,818,1.436,9.412,21.95%,Bellman-Ford,Yes,30346.7077,30346.7077,750,323.479,9.331,0.00%,ACO,Path Not Found: GRAPH SIZE TOO LARGE,,,,,,
Kansas,725695,1993522,5.494,False,2.7471,560956,,Dijkstra,Yes,27603.4389,27603.4389,708,6.890,9.473,0.00%,A*,Yes,30683.2113,30683.2113,827,1.127,9.473,11.16%,Bellman-Ford,Yes,27603.4389,27603.4389,708,350.488,9.391,0.00%,ACO,Path Not Found: GRAPH SIZE TOO LARGE,,,,,,
Kansas,732913,2012419,5.492,False,2.7458,566257,,Dijkstra,Yes,17979.2666,17979.2666,522,2.984,9.533,0.00%,A*,Yes,19294.4782,19294.4782,408,1.145,9.533,7.32%,Bellman-Ford,Yes,17979.2666,17979.2666,522,328.866,9.455,0.00%,ACO,Path Not Found: GRAPH SIZE TOO LARGE,,,,,,
Kansas,740913,2033596,5.489,False,2.7447,572194,,Dijkstra,Yes,19002.5469,19002.5469,527,4.663,9.597,0.00%,A*,Yes,20020.7550,20020.7550,510,1.156,9.597,5.36%,Bellman-Ford,Yes,19002.5469,19002.5469,527,337.971,9.513,0.00%,ACO,Path Not Found: GRAPH SIZE TOO LARGE,,,,,,
Kansas,748199,2052715,5.487,False,2.7435,577537,,Dijkstra,Yes,27517.0986,27517.0986,960,6.839,9.658,0.00%,A*,Yes,30699.9699,30699.9699,863,2.222,9.658,11.57%,Bellman-Ford,Yes,27517.0986,27517.0986,960,392.382,9.574,0.00%,ACO,Path Not Found: GRAPH SIZE TOO LARGE,,,,,,
Kansas,755464,2071537,5.484,False,2.7421,582865,,Dijkstra,Yes,27776.0522,27776.0522,689,8.722,9.722,0.00%,A*,Yes,31585.9990,31585.9990,794,1.425,9.722,13.72%,Bellman-Ford,Yes,27776.0522,27776.0522,689,339.366,9.635,0.00%,ACO,Path Not Found: GRAPH SIZE TOO LARGE,,,,,,
Kansas,762737,2090448,5.481,False,2.7407,588168,,Dijkstra,Yes,33706.6781,33706.6781,1143,6.890,9.783,0.00%,A*,Yes,37491.3541,37491.3541,1091,3.324,9.783,11.23%,Bellman-Ford,Yes,33706.6781,33706.6781,1143,452.269,9.703,0.00%,ACO,Path Not Found: GRAPH SIZE TOO LARGE,,,,,,
Kansas,770008,2109474,5.479,False,2.7396,593517,,Dijkstra,Yes,36209.7609,36209.7609,931,9.769,9.846,0.00%,A*,Yes,39268.0793,39268.0793,998,1.156,9.846,8.45%,Bellman-Ford,Yes,36209.7609,36209.7609,931,445.735,9.771,0.00%,ACO,Path Not Found: GRAPH SIZE TOO LARGE,,,,,,
Kansas,777348,2128450,5.476,False,2.7381,598937,,Dijkstra,Yes,22631.2224,22631.2224,567,3.941,9.907,0.00%,A*,Yes,24486.9384,24486.9384,641,1.145,9.907,8.20%,Bellman-Ford,Yes,22631.2224,22631.2224,567,343.623,9.823,0.00%,ACO,Path Not Found: GRAPH SIZE TOO LARGE,,,,,,
Kansas,785085,2148819,5.474,False,2.7371,604649,,Dijkstra,Yes,29582.9258,29582.9258,696,8.817,9.964,0.00%,A*,Yes,32956.7987,32956.7987,879,1.390,9.964,11.40%,Bellman-Ford,Yes,29582.9258,29582.9258,696,417.967,9.885,0.00%,ACO,Path Not Found: GRAPH SIZE TOO LARGE,,,,,,
Kansas,792400,2168239,5.473,False,2.7363,610131,,Dijkstra,Yes,19635.9112,19635.9112,613,5.019,10.029,0.00%,A*,Yes,20247.5858,20247.5858,573,0.891,10.029,3.12%,Bellman-Ford,Yes,19635.9112,19635.9112,613,361.023,9.947,0.00%,ACO,Path Not Found: GRAPH SIZE TOO LARGE,,,,,,
Kansas,799661,2187071,5.470,False,2.7350,615467,,Dijkstra,Yes,29914.9172,29914.9172,735,7.190,10.092,0.00%,A*,Yes,34097.9117,34097.9117,839,0.850,10.092,13.98%,Bellman-Ford,Yes,29914.9172,29914.9172,735,308.566,9.998,0.00%,ACO,Path Not Found: GRAPH SIZE TOO LARGE,,,,,,
Kansas,806946,2206250,5.468,False,2.7341,620948,,Dijkstra,Yes,25461.6640,25461.6640,710,1.821,10.149,0.00%,A*,Yes,27722.6894,27722.6894,680,0.549,10.152,8.88%,Bellman-Ford,Yes,25461.6640,25461.6640,710,353.827,10.068,0.00%,ACO,Path Not Found: GRAPH SIZE TOO LARGE,,,,,,
